question;correct_answer;difficult_level;wrong_answer;tag;response_type
In che nazione si trova Waterloo, sede della famosa battaglia?;Belgio;20;Francia|Paesi Bassi|Germania|Inghilterra|;Storia|Storia Moderna|Storia Contemporanea;
In che anno avvenne la famosa battaglia di Waterloo?;1815;50;1805|1789|1820|1809;Storia|Storia Moderna|Storia Contemporanea;
Quali eserciti si scontrarano nella battaglia di Waterloo?;Napoleonico e una coalizione guidata dagli inglesi e prussiani;20;Inglese e una coalizione guidata da Napoleone e prussiani|Inglese e una colazione guidata da Napleone e russi|Napoleonico e una coalizione guidata dagli russi e prussiani|Napoleonico e una coalizione guidata dagli inglesi e austriaci;Storia|Storia Moderna|Storia Contemporanea;options
La guerra del Peloponneso da chi fu combattuta?;Una colaizione guidata da Sparta contro una coalizione guidata da Atene;20;Una coalizione guidata congiuntamente da Atene e Sparta contro l'impero Persiano|Una coalizione guidata da Atene e l'impero Persiano|Una coalizione guidata da Sparta e l'impero Persiano|L’armata di Filippo di Macedonia e una colazione guidata da Sparta;Storia|Storia Antica|Storia Greca;options
Quando fu combattura la guerra del Peloponneso;Tra il 431 a.C e il 404 a.C. ;30;Tra il 911 a.C e il 901 a.C. |Tra il 148 a.C e il 131 a.C. |Tra il 732 a.C e il 704 a.C. |Tra il 102 d.C e il 108 d.C. ;Storia|Storia Antica|Storia Greca;
In che anno avvenne la Rivoluzione francese?;1789;20;1805|1815|1820|1809;Storia|Storia Moderna|Storia Contemporanea;
Quale è il fiume più lungio d'Europa?;Volga;20;Danubio|Ural|Don|Purus;Geografia;
Chi ha scritto il romanzo “Uno nessuno e centomila”;Luigi Pirandello;20;Gabriele D'annunzio|Umberto Saba|Giovanni Verga|Salvatore Quasimodo;Letteratura|Letteratura Italiana;
Il quadro in figura da chi è stato realizzato <img src=https://upload.wikimedia.org/wikipedia/commons/thumb/2/2f/Spatial_Concept_%27Waiting%27%2C_cut_canvas_by_Lucio_Fontana%2C_Tate_Modern.JPG/288px-Spatial_Concept_%27Waiting%27%2C_cut_canvas_by_Lucio_Fontana%2C_Tate_Modern.JPG> ;Lucio Fontana|Fontana;30;Joan Miró|René Magritte|Vasilij Vasil'evi? Kandinskij|Pablo Picasso;Arte;
Come è morta Elisabetta di Baviera?;A 61 anni uccisa da un anarchico Italiano;20;A 92 anni di vecchiaia|A 42 anni per causa di una polmonite non curata|A 36 anni di parto|A 48 anni a causa una rivolta popolare in Ungheria;Storia;options
Come è morto Rodolfo erede al trono e Figlio di Francesco Giuseppe e Elisabetta di Baviera?;Suicida;30;Di infarto a 33 anni|Di vecchiaia dopo essere stato diseredato dal padre|Ucciso durante un tentativo di complotto fallito|A causa di una caduta da cavallo durante una battuta di caccia;Storia;options
Com’è diretta la forza agente su di una palla da tennis lanciata in aria, subito dopo essere stata lanciata?;Verso il basso;20;Verso l’alto|Non ci sono forze agenti, in quanto la palla è già stata lanciata|Ci sono forze agenti ma la risultante è nulla|Ci sono forze agenti ma la risultante è verso l’alto;Fisica;options
