question;correct_answer;wrong_answer;free_response ;difficult_level;tags
"<img src=""https://upload.wikimedia.org/wikipedia/commons/1/19/Afghanistan_%28orthographic_projection%29.svg"" height=""300"" />";Afghanistan ;;;;Asia
"<img src=""https://upload.wikimedia.org/wikipedia/commons/c/ce/Europe-Albania.svg"" height=""300"" />";Albania ;;;;Europa
"<img src=""https://upload.wikimedia.org/wikipedia/commons/9/9a/Location_Algeria_AU_Africa.svg"" height=""300"" />";Algeria ;;;;Africa
"<img src=""https://upload.wikimedia.org/wikipedia/commons/1/12/Location_Andorra_Europe.png"" height=""300"" />";Andorra ;;;;Europa
"<img src=""http://upload.wikimedia.org/wikipedia/commons/c/ca/Location_Angola_AU_Africa.svg"" height=""300"" />";Angola ;;;;Africa
"<img src=""http://upload.wikimedia.org/wikipedia/commons/2/21/ATG_orthographic.svg"" height=""300"" />";Antigua e Barbuda;;;;America Centrale
"<img src=""https://upload.wikimedia.org/wikipedia/commons/4/47/Saudi_Arabia_%28orthographic_projection%29.svg"" height=""300"" />";Arabia Saudita ;;;;Asia
"<img src=""https://upload.wikimedia.org/wikipedia/commons/0/0a/Argentina_%28orthographic_projection%29.svg"" height=""300"" />";Argentina ;;;;Sud America
"<img src=""http://upload.wikimedia.org/wikipedia/commons/9/96/Armenia_%28orthographic_projection%29.svg"" height=""300"" />";Armenia ;;;;Asia
"<img src=""https://upload.wikimedia.org/wikipedia/commons/7/7d/Australia_%28orthographic_projection%29.svg"" height=""300"" />";Australia ;;;;Oceania
"<img src=""http://upload.wikimedia.org/wikipedia/commons/9/9d/EU-Austria.svg"" height=""300"" />";Austria ;;;;Europa
"<img src=""http://upload.wikimedia.org/wikipedia/commons/2/2d/Azerbaijan_with_Nagorno_Karabakh_region.svg"" height=""300"" />";Azerbaigian ;;;;Asia
"<img src=""http://upload.wikimedia.org/wikipedia/commons/b/b0/LocationBahamas.svg"" height=""300"" />";Bahamas ;;;;America Centrale
"<img src=""https://upload.wikimedia.org/wikipedia/commons/8/83/Map_of_Bahrain.svg"" height=""300"" />";Bahrein ;;;;Asia
"<img src=""http://upload.wikimedia.org/wikipedia/commons/b/ba/Bangladesh_in_its_region.svg"" height=""300"" />";Bangladesh ;;;;Asia
"<img src=""https://upload.wikimedia.org/wikipedia/commons/a/a1/BRB_orthographic.svg"" height=""300"" />";Barbados ;;;;America Centrale
"<img src=""https://upload.wikimedia.org/wikipedia/commons/6/67/EU-Belgium.svg"" height=""300"" />";Belgio ;;;;Europa
"<img src=""http://upload.wikimedia.org/wikipedia/commons/d/da/LocationBelize.svg"" height=""300"" />";Belize ;;;;America Centrale
"<img src=""http://upload.wikimedia.org/wikipedia/commons/b/b6/Location_Benin_AU_Africa.svg"" height=""300"" />";Benin ;;;;Africa
"<img src=""http://upload.wikimedia.org/wikipedia/commons/c/ce/Bhutan_%28orthographic_projection%29.svg"" height=""300"" />";Bhutan ;;;;Asia
"<img src=""http://upload.wikimedia.org/wikipedia/commons/a/af/Europe-Belarus.svg"" height=""300"" />";Bielorussia ;;;;Europa
"<img src=""http://upload.wikimedia.org/wikipedia/commons/8/88/Myanmar_in_its_region.svg"" height=""300"" />";Birmania|Myanmar;;;;Asia
"<img src=""https://upload.wikimedia.org/wikipedia/commons/f/f3/Bolivia_%28orthographic_projection%29.svg"" height=""300"" />";Bolivia ;;;;Sud America
"<img src=""http://upload.wikimedia.org/wikipedia/commons/c/ca/Location_Bosnia-Herzegovina_Europe.png"" height=""300"" />";Bosnia ed Erzegovina ;;;;Europa
"<img src=""http://upload.wikimedia.org/wikipedia/commons/a/a8/Location_Botswana_AU_Africa.svg"" height=""300"" />";Botswana ;;;;Africa
"<img src=""http://upload.wikimedia.org/wikipedia/commons/3/3b/Brazil_%28orthographic_projection%29.svg"" height=""300"" />";Brasile ;;;;Sud America
"<img src=""http://upload.wikimedia.org/wikipedia/commons/f/ff/LocationBrunei.svg"" height=""300"" />";Brunei ;;;;Asia
"<img src=""http://upload.wikimedia.org/wikipedia/commons/e/e9/EU-Bulgaria.svg"" height=""300"" />";Bulgaria ;;;;Europa
"<img src=""https://upload.wikimedia.org/wikipedia/commons/3/35/Location_Burkina_Faso_AU_Africa.svg"" height=""300"" />";Burkina Faso ;;;;Africa
"<img src=""http://upload.wikimedia.org/wikipedia/commons/4/43/Location_Burundi_AU_Africa.svg"" height=""300"" />";Burundi ;;;;Africa
"<img src=""http://upload.wikimedia.org/wikipedia/commons/5/5a/LocationCambodia.svg"" height=""300"" />";Cambogia ;;;;Asia
"<img src=""https://upload.wikimedia.org/wikipedia/commons/b/b4/Cameroon_%28orthographic_projection%29.svg"" height=""300"" />";Camerun ;;;;Africa
"<img src=""https://upload.wikimedia.org/wikipedia/commons/c/c7/Canada_%28orthographic_projection%29.svg"" height=""300"" />";Canada ;;;;Nord America
"<img src=""http://upload.wikimedia.org/wikipedia/commons/d/d8/Location_Cape_Verde_AU_Africa.svg"" height=""300"" />";Capo Verde ;;;;Africa
"<img src=""http://upload.wikimedia.org/wikipedia/commons/e/ec/Location_Chad_AU_Africa.svg"" height=""300"" />";Ciad ;;;;Africa
"<img src=""http://upload.wikimedia.org/wikipedia/commons/5/5d/CHL_orthographic.svg"" height=""300"" />";Cile ;;;;Sud America
"<img src=""http://upload.wikimedia.org/wikipedia/commons/7/78/People%27s_Republic_of_China_%28orthographic_projection%29.svg"" height=""300"" />";Cina ;;;;Asia
"<img src=""http://upload.wikimedia.org/wikipedia/commons/7/7b/North_Korea_%28orthographic_projection%29.svg"" height=""300"" />";Cipro ;;;;Europa
"<img src=""http://upload.wikimedia.org/wikipedia/commons/f/f7/Location_Vatican_City_Europe.png"" height=""300"" />";Città del Vaticano ;;;;Europa
"<img src=""https://upload.wikimedia.org/wikipedia/commons/0/0f/Colombia_%28orthographic_projection%29.svg"" height=""300"" />";Colombia ;;;;Sud America
"<img src=""http://upload.wikimedia.org/wikipedia/commons/2/25/Location_Comoros_AU_Africa.svg"" height=""300"" />";Comore ;;;;Africa
"<img src=""http://upload.wikimedia.org/wikipedia/commons/3/31/Locator_map_of_North_Korea.svg"" height=""300"" />";Corea del Nord ;;;;Asia
"<img src=""http://upload.wikimedia.org/wikipedia/commons/7/7b/North_Korea_%28orthographic_projection%29.svg"" height=""300"" />";Corea del Sud ;;;;Asia
"<img src=""http://upload.wikimedia.org/wikipedia/commons/9/9b/C%C3%B4te_d%27Ivoire_%28orthographic_projection%29.svg"" height=""300"" />";Costa d'Avorio ;;;;Africa
"<img src=""http://upload.wikimedia.org/wikipedia/commons/c/c4/Costa_Rica_%28orthographic_projection%29.svg"" height=""300"" />";Costa Rica ;;;;America Centrale
"<img src=""https://upload.wikimedia.org/wikipedia/commons/1/15/EU-Croatia.svg"" height=""300"" />";Croazia ;;;;Europa
"<img src=""http://upload.wikimedia.org/wikipedia/commons/0/01/Cuba_%28orthographic_projection%29.svg"" height=""300"" />";Cuba ;;;;America Centrale
"<img src=""https://upload.wikimedia.org/wikipedia/commons/9/9a/EU-Denmark.svg"" height=""300"" />";Danimarca ;;;;Europa
"<img src=""http://upload.wikimedia.org/wikipedia/commons/1/13/LocationDominica.svg"" height=""300"" />";Dominica ;;;;America Centrale
"<img src=""https://upload.wikimedia.org/wikipedia/commons/c/c8/Ecuador_%28orthographic_projection%29.svg"" height=""300"" />";Ecuador ;;;;Sud America
"<img src=""http://upload.wikimedia.org/wikipedia/commons/4/4b/Egypt_%28orthographic_projection%29.svg"" height=""300"" />";Egitto ;;;;Africa
"<img src=""http://upload.wikimedia.org/wikipedia/commons/8/86/LocationElSalvador.svg"" height=""300"" />";El Salvador ;;;;America Centrale
"<img src=""http://upload.wikimedia.org/wikipedia/commons/c/cd/United_Arab_Emirates_%28orthographic_projection%29.svg"" height=""300"" />";Emirati Arabi Uniti ;;;;Asia
"<img src=""http://upload.wikimedia.org/wikipedia/commons/4/43/Eritrea_%28Africa_orthographic_projection%29.svg"" height=""300"" />";Eritrea ;;;;Africa
"<img src=""http://upload.wikimedia.org/wikipedia/commons/a/a2/EU-Estonia.svg"" height=""300"" />";Estonia ;;;;Europa
"<img src=""https://upload.wikimedia.org/wikipedia/commons/d/dd/Ethiopia_%28Africa_orthographic_projection%29.svg"" height=""300"" />";Etiopia ;;;;Africa
"<img src=""http://upload.wikimedia.org/wikipedia/commons/f/fa/Fiji_%28orthographic_projection%29.svg"" height=""300"" />";Figi ;;;;Oceania
"<img src=""http://upload.wikimedia.org/wikipedia/commons/5/50/Philippines_%28orthographic_projection%29.svg"" height=""300"" />";Filippine ;;;;Asia
"<img src=""https://upload.wikimedia.org/wikipedia/commons/6/6e/EU-Finland.svg"" height=""300"" />";Finlandia ;;;;Europa
"<img src=""https://upload.wikimedia.org/wikipedia/commons/a/a3/EU-France.svg"" height=""300"" />";Francia ;;;;Europa
"<img src=""http://upload.wikimedia.org/wikipedia/commons/b/bf/Gabon_%28orthographic_projection%29.svg"" height=""300"" />";Gabon ;;;;Africa
"<img src=""http://upload.wikimedia.org/wikipedia/commons/a/a9/LocationGambia.svg"" height=""300"" />";Gambia ;;;;Africa
"<img src=""http://upload.wikimedia.org/wikipedia/commons/6/67/Georgia_%28orthographic_projection_with_inset%29.svg"" height=""300"" />";Georgia ;;;;Asia
"<img src=""http://upload.wikimedia.org/wikipedia/commons/2/26/EU-Germany.svg"" height=""300"" />";Germania ;;;;Europa
"<img src=""http://upload.wikimedia.org/wikipedia/commons/5/5b/Location_Ghana_AU_Africa.svg"" height=""300"" />";Ghana ;;;;Africa
"<img src=""http://upload.wikimedia.org/wikipedia/commons/e/e4/LocationJamaica.svg"" height=""300"" />";Giamaica ;;;;America Centrale
"<img src=""https://upload.wikimedia.org/wikipedia/commons/7/7a/Japan_on_the_globe_%28claimed%29_%28Japan_centered%29.svg"" height=""300"" />";Giappone ;;;;Asia
"<img src=""http://upload.wikimedia.org/wikipedia/commons/1/1a/LocationDjibouti.svg"" height=""300"" />";Gibuti ;;;;Africa
"<img src=""https://upload.wikimedia.org/wikipedia/commons/9/99/LocationJordan.svg"" height=""300"" />";Giordania ;;;;Asia
"<img src=""http://upload.wikimedia.org/wikipedia/commons/2/21/EU-Greece.svg"" height=""300"" />";Grecia ;;;;Europa
"<img src=""http://upload.wikimedia.org/wikipedia/commons/5/53/Grenada_in_its_region.svg"" height=""300"" />";Grenada ;;;;America Centrale
"<img src=""http://upload.wikimedia.org/wikipedia/commons/7/70/Guatemala_%28orthographic_projection%29.svg"" height=""300"" />";Guatemala ;;;;America Centrale
"<img src=""http://upload.wikimedia.org/wikipedia/commons/e/e4/Guinea_%28orthographic_projection%29.svg"" height=""300"" />";Guinea ;;;;Africa
"<img src=""http://upload.wikimedia.org/wikipedia/commons/e/e2/Location_Equatorial_Guinea_AU_Africa.svg"" height=""300"" />";Guinea Equatoriale ;;;;Africa
"<img src=""http://upload.wikimedia.org/wikipedia/commons/c/c3/LocationGuineaBissau.svg"" height=""300"" />";Guinea-Bissau ;;;;Africa
"<img src=""http://upload.wikimedia.org/wikipedia/commons/1/18/Guyana_in_its_region.svg"" height=""300"" />";Guyana ;;;;Sud America
"<img src=""http://upload.wikimedia.org/wikipedia/commons/f/fe/Haiti_%28orthographic_projection%29.svg"" height=""300"" />";Haiti ;;;;America Centrale
"<img src=""http://upload.wikimedia.org/wikipedia/commons/3/3a/Honduras_%28orthographic_projection%29.svg"" height=""300"" />";Honduras ;;;;America Centrale
"<img src=""http://upload.wikimedia.org/wikipedia/commons/2/2c/India_in_its_region_%28undisputed%29.svg"" height=""300"" />";India ;;;;Asia
"<img src=""http://upload.wikimedia.org/wikipedia/commons/0/05/Indonesia_%28orthographic_projection%29.svg"" height=""300"" />";Indonesia ;;;;Asia
"<img src=""https://upload.wikimedia.org/wikipedia/commons/a/a8/Iran_%28orthographic_projection%29.svg"" height=""300"" />";Iran ;;;;Asia
"<img src=""http://upload.wikimedia.org/wikipedia/commons/5/59/Iraq_%28orthographic_projection%29.svg"" height=""300"" />";Iraq ;;;;Asia
"<img src=""http://upload.wikimedia.org/wikipedia/commons/2/2a/EU-Ireland.svg"" height=""300"" />";Irlanda ;;;;Europa
"<img src=""http://upload.wikimedia.org/wikipedia/commons/6/66/Europe-Iceland.svg"" height=""300"" />";Islanda ;;;;Europa
"<img src=""http://upload.wikimedia.org/wikipedia/commons/1/18/Marshall_Islands_on_the_globe_%28small_islands_magnified%29_%28Polynesia_centered%29.svg"" height=""300"" />";Isole Marshall ;;;;Oceania
"<img src=""http://upload.wikimedia.org/wikipedia/commons/8/8a/Solomon_Islands_on_the_globe_%28Oceania_centered%29.svg"" height=""300"" />";Isole Salomone ;;;;Oceania
"<img src=""http://upload.wikimedia.org/wikipedia/commons/4/42/Israel_%28orthographic_projection%29.svg"" height=""300"" />";Israele ;;;;Asia
"<img src=""https://upload.wikimedia.org/wikipedia/commons/b/ba/EU-Italy.svg"" height=""300"" />";Italia ;;;;Europa
"<img src=""https://upload.wikimedia.org/wikipedia/commons/b/b0/Kazakhstan_on_the_globe_%28Eurasia_centered%29.svg"" height=""300"" />";Kazakistan ;;;;Asia
"<img src=""https://upload.wikimedia.org/wikipedia/commons/a/a5/Kenya_%28orthographic_projection%29.svg"" height=""300"" />";Kenya ;;;;Africa
"<img src=""http://upload.wikimedia.org/wikipedia/commons/7/7c/Kyrgyzstan_%28orthographic_projection%29.svg"" height=""300"" />";Kirghizistan ;;;;Asia
"<img src=""http://upload.wikimedia.org/wikipedia/commons/d/d9/Kiribati_on_the_globe_%28Polynesia_centered%29.svg"" height=""300"" />";Kiribati ;;;;Oceania
"<img src=""http://upload.wikimedia.org/wikipedia/commons/a/ad/Kuwait_in_its_region.svg"" height=""300"" />";Kuwait ;;;;Asia
"<img src=""http://upload.wikimedia.org/wikipedia/commons/2/2b/LocationLaos.svg"" height=""300"" />";Laos ;;;;Asia
"<img src=""http://upload.wikimedia.org/wikipedia/commons/b/b9/LocationLesotho.svg"" height=""300"" />";Lesotho ;;;;Africa
"<img src=""http://upload.wikimedia.org/wikipedia/commons/3/32/EU-Latvia.svg"" height=""300"" />";Lettonia ;;;;Europa
"<img src=""http://upload.wikimedia.org/wikipedia/commons/b/be/LocationLebanon.svg"" height=""300"" />";Libano ;;;;Asia
"<img src=""http://upload.wikimedia.org/wikipedia/commons/6/6f/Location_Liberia_AU_Africa.svg"" height=""300"" />";Liberia ;;;;Africa
"<img src=""https://upload.wikimedia.org/wikipedia/commons/0/07/Libya_%28orthographic_projection%29.svg"" height=""300"" />";Libia ;;;;Africa
"<img src=""http://upload.wikimedia.org/wikipedia/commons/3/36/Location_Liechtenstein_Europe.png"" height=""300"" />";Liechtenstein ;;;;Europa
"<img src=""https://upload.wikimedia.org/wikipedia/commons/e/ec/EU-Lithuania.svg"" height=""300"" />";Lituania ;;;;Europa
"<img src=""http://upload.wikimedia.org/wikipedia/commons/c/c3/EU-Luxembourg.svg"" height=""300"" />";Lussemburgo ;;;;Europa
"<img src=""http://upload.wikimedia.org/wikipedia/commons/e/e7/Europe-Macedonia.svg"" height=""300"" />";Macedonia ;;;;Europa
"<img src=""https://upload.wikimedia.org/wikipedia/commons/b/ba/Madagascar_in_Africa.svg"" height=""300"" />";Madagascar ;;;;Africa
"<img src=""http://upload.wikimedia.org/wikipedia/commons/1/1a/Malawi_%28orthographic_projection%29.svg"" height=""300"" />";Malawi ;;;;Africa
"<img src=""http://upload.wikimedia.org/wikipedia/commons/0/04/LocationMaldives.png"" height=""300"" />";Maldive ;;;;Asia
"<img src=""http://upload.wikimedia.org/wikipedia/commons/6/64/LocationMalaysia.svg"" height=""300"" />";Malesia ;;;;Asia
"<img src=""http://upload.wikimedia.org/wikipedia/commons/thumb/8/84/Mali_de_iure_%28orthographic_projection%29.svg/500px-Mali_de_iure_%28orthographic_projection%29.svg.png"" height=""300"" />";Mali ;;;;Africa
"<img src=""http://upload.wikimedia.org/wikipedia/commons/6/63/EU-Malta.svg"" height=""300"" />";Malta ;;;;Europa
"<img src=""http://upload.wikimedia.org/wikipedia/commons/9/91/Morocco_%28orthographic_projection%29.svg"" height=""300"" />";Marocco ;;;;Africa
"<img src=""http://upload.wikimedia.org/wikipedia/commons/a/ac/Mauritania_%28orthographic_projection%29.svg"" height=""300"" />";Mauritania ;;;;Africa
"<img src=""http://upload.wikimedia.org/wikipedia/commons/4/4b/Mauritius_%28orthographic_projection_with_inset%29.svg"" height=""300"" />";Mauritius ;;;;Africa
"<img src=""http://upload.wikimedia.org/wikipedia/commons/c/c9/Mexico_%28orthographic_projection%29.svg"" height=""300"" />";Messico ;;;;America Centrale
"<img src=""http://upload.wikimedia.org/wikipedia/commons/c/c6/Micronesia_on_the_globe_%28small_islands_magnified%29_%28Polynesia_centered%29.svg"" height=""300"" />";Micronesia ;;;;Oceania
"<img src=""https://upload.wikimedia.org/wikipedia/commons/9/91/Europe-Moldova.svg"" height=""300"" />";Moldavia ;;;;Europa
"<img src=""http://upload.wikimedia.org/wikipedia/commons/f/f5/Location_Monaco_Europe.png"" height=""300"" />";Monaco ;;;;Europa
"<img src=""http://upload.wikimedia.org/wikipedia/commons/d/d6/Mongolia_in_its_region.svg"" height=""300"" />";Mongolia ;;;;Asia
"<img src=""http://upload.wikimedia.org/wikipedia/commons/b/b0/Europe-Montenegro.svg"" height=""300"" />";Montenegro ;;;;Europa
"<img src=""http://upload.wikimedia.org/wikipedia/commons/8/84/Mozambique_%28orthographic_projection%29.svg"" height=""300"" />";Mozambico ;;;;Africa
"<img src=""http://upload.wikimedia.org/wikipedia/commons/6/67/Location_Namibia_AU_Africa.svg"" height=""300"" />";Namibia ;;;;Africa
"<img src=""http://upload.wikimedia.org/wikipedia/commons/2/25/Nauru_on_the_globe_%28Polynesia_centered%29.svg"" height=""300"" />";Nauru ;;;;Oceania
"<img src=""http://upload.wikimedia.org/wikipedia/commons/7/7e/Nepal_in_its_region.svg"" height=""300"" />";Nepal ;;;;Asia
"<img src=""https://upload.wikimedia.org/wikipedia/commons/3/38/Nicaragua_%28orthographic_projection%29.svg"" height=""300"" />";Nicaragua ;;;;America Centrale
"<img src=""http://upload.wikimedia.org/wikipedia/commons/6/68/Location_Niger_AU_Africa.svg"" height=""300"" />";Niger ;;;;Africa
"<img src=""http://upload.wikimedia.org/wikipedia/commons/2/2d/Location_Nigeria_AU_Africa.svg"" height=""300"" />";Nigeria ;;;;Africa
"<img src=""https://upload.wikimedia.org/wikipedia/commons/0/01/Europe-Norway.svg"" height=""300"" />";Norvegia ;;;;Europa
"<img src=""http://upload.wikimedia.org/wikipedia/commons/2/29/NZL_orthographic_NaturalEarth.svg"" height=""300"" />";Nuova Zelanda ;;;;Oceania
"<img src=""http://upload.wikimedia.org/wikipedia/commons/5/5a/Oman_in_its_region.svg"" height=""300"" />";Oman ;;;;Asia
"<img src=""http://upload.wikimedia.org/wikipedia/commons/2/27/EU-Netherlands.svg"" height=""300"" />";Paesi Bassi ;;;;Europa
"<img src=""http://upload.wikimedia.org/wikipedia/commons/b/b6/Pakistan_%28orthographic_projection%29.svg"" height=""300"" />";Pakistan ;;;;Asia
"<img src=""http://upload.wikimedia.org/wikipedia/commons/e/ef/Palau.png"" height=""300"" />";Palau ;;;;Oceania
"<img src=""http://upload.wikimedia.org/wikipedia/commons/e/e1/Panama_%28orthographic_projection%29.svg"" height=""300"" />";Panamá ;;;;America Centrale
"<img src=""http://upload.wikimedia.org/wikipedia/commons/7/79/Papua_New_Guinea_%28orthographic_projection%29.svg"" height=""300"" />";Papua Nuova Guinea ;;;;Oceania
"<img src=""http://upload.wikimedia.org/wikipedia/commons/8/80/Paraguay_%28orthographic_projection%29.svg"" height=""300"" />";Paraguay ;;;;Sud America
"<img src=""http://upload.wikimedia.org/wikipedia/commons/8/84/Peru_%28orthographic_projection%29.svg"" height=""300"" />";Perù ;;;;Sud America
"<img src=""http://upload.wikimedia.org/wikipedia/commons/9/9b/EU-Poland.svg"" height=""300"" />";Polonia ;;;;Europa
"<img src=""https://upload.wikimedia.org/wikipedia/commons/a/a0/EU-Portugal_with_islands_circled.svg"" height=""300"" />";Portogallo ;;;;Europa
"<img src=""http://upload.wikimedia.org/wikipedia/commons/d/d4/QAT_orthographic.svg"" height=""300"" />";Qatar ;;;;Asia
"<img src=""https://upload.wikimedia.org/wikipedia/commons/d/d6/Democratic_Republic_of_the_Congo_%28orthographic_projection%29.svg"" height=""300"" />";RD del Congo ;;;;Africa
"<img src=""http://upload.wikimedia.org/wikipedia/commons/d/d1/EU-United_Kingdom.svg"" height=""300"" />";Regno Unito ;;;;Europa
"<img src=""http://upload.wikimedia.org/wikipedia/commons/c/c4/Central_African_Republic_%28orthographic_projection%29.svg"" height=""300"" />";Rep. Centrafricana ;;;;Africa
"<img src=""http://upload.wikimedia.org/wikipedia/commons/d/d6/Democratic_Republic_of_the_Congo_%28orthographic_projection%29.svg"" height=""300"" />";Rep. del Congo ;;;;Africa
"<img src=""http://upload.wikimedia.org/wikipedia/commons/9/95/Dominican_Republic_%28orthographic_projection%29.svg"" height=""300"" />";Rep. Dominicana ;;;;America Centrale
"<img src=""http://upload.wikimedia.org/wikipedia/commons/3/33/EU-Czechia.svg"" height=""300"" />";Repubblica Ceca;;;;Europa
"<img src=""http://upload.wikimedia.org/wikipedia/commons/1/13/EU-Romania.svg"" height=""300"" />";Romania ;;;;Europa
"<img src=""http://upload.wikimedia.org/wikipedia/commons/f/f6/LocationRwanda.svg"" height=""300"" />";Ruanda ;;;;Africa
"<img src=""http://upload.wikimedia.org/wikipedia/commons/6/65/Russian_Federation_%28orthographic_projection%29.svg"" height=""300"" />";Russia ;;;;Europa|Asia
"<img src=""http://upload.wikimedia.org/wikipedia/commons/5/5d/KNA_orthographic.svg"" height=""300"" />";Saint Kitts e Nevis ;;;;America Centrale
"<img src=""http://upload.wikimedia.org/wikipedia/commons/7/70/VCT_orthographic.svg"" height=""300"" />";Saint Vincent e Grenadine ;;;;America Centrale
"<img src=""http://upload.wikimedia.org/wikipedia/commons/7/74/Samoa_on_the_globe_%28Polynesia_centered%29.svg"" height=""300"" />";Samoa ;;;;Oceania
"<img src=""http://upload.wikimedia.org/wikipedia/commons/7/79/Location_San_Marino_Europe.png"" height=""300"" />";San Marino ;;;;Europa
"<img src=""http://upload.wikimedia.org/wikipedia/commons/b/b6/LocationSaintLucia.png"" height=""300"" />";Santa Lucia ;;;;America Centrale
"<img src=""http://upload.wikimedia.org/wikipedia/commons/a/a2/Sao_Tome_and_Principe_in_its_region.svg"" height=""300"" />";São Tomé e Príncipe ;;;;Africa
"<img src=""http://upload.wikimedia.org/wikipedia/commons/3/3c/Senegal_%28orthographic_projection%29.svg"" height=""300"" />";Senegal ;;;;Africa
"<img src=""http://upload.wikimedia.org/wikipedia/commons/b/b3/Serbia_in_Europe.svg"" height=""300"" />";Serbia ;;;;Europa
"<img src=""http://upload.wikimedia.org/wikipedia/commons/f/fb/Seychelles_in_its_region_%28small_islands_magnified%29.svg"" height=""300"" />";Seychelles ;;;;Africa
"<img src=""http://upload.wikimedia.org/wikipedia/commons/4/4f/Location_Sierra_Leone_AU_Africa.svg"" height=""300"" />";Sierra Leone ;;;;Africa
"<img src=""http://upload.wikimedia.org/wikipedia/commons/a/aa/Location_Singapore_ASEAN.svg"" height=""300"" />";Singapore ;;;;Asia
"<img src=""http://upload.wikimedia.org/wikipedia/commons/1/11/Syria_%28orthographic_projection%29.svg"" height=""300"" />";Siria ;;;;Asia
"<img src=""http://upload.wikimedia.org/wikipedia/commons/1/1d/EU-Slovakia.svg"" height=""300"" />";Slovacchia ;;;;Europa
"<img src=""http://upload.wikimedia.org/wikipedia/commons/8/84/EU-Slovenia.svg"" height=""300"" />";Slovenia ;;;;Europa
"<img src=""http://upload.wikimedia.org/wikipedia/commons/4/4c/Somalia_%28orthographic_projection%29.svg"" height=""300"" />";Somalia ;;;;Africa
"<img src=""http://upload.wikimedia.org/wikipedia/commons/2/21/EU-Spain.svg"" height=""300"" />";Spagna ;;;;Europa
"<img src=""http://upload.wikimedia.org/wikipedia/commons/9/96/Sri_Lanka_%28orthographic_projection%29.svg"" height=""300"" />";Sri Lanka ;;;;Asia
"<img src=""http://upload.wikimedia.org/wikipedia/commons/7/70/United_States_%28orthographic_projection%29.svg"" height=""300"" />";Stati Uniti ;;;;Nord America
"<img src=""http://upload.wikimedia.org/wikipedia/commons/6/6e/South_Africa_%28orthographic_projection%29.svg"" height=""300"" />";Sudafrica|Sud Africa;;;;Africa
"<img src=""https://upload.wikimedia.org/wikipedia/commons/2/25/Sudan_on_the_globe_%28de-facto_%2B_claimed_hatched%29_%28North_Africa_centered%29.svg"" height=""300"" />";Sudan ;;;;Africa
"<img src=""http://upload.wikimedia.org/wikipedia/commons/b/b1/Location_South_Sudan_AU_Africa.svg"" height=""300"" />";Sudan del Sud ;;;;Africa
"<img src=""http://upload.wikimedia.org/wikipedia/commons/d/d8/Suriname_in_its_region.svg"" height=""300"" />";Suriname ;;;;Sud America
"<img src=""https://upload.wikimedia.org/wikipedia/commons/0/06/EU-Sweden.svg"" height=""300"" />";Svezia ;;;;Europa
"<img src=""https://upload.wikimedia.org/wikipedia/commons/6/61/Europe-Switzerland.svg"" height=""300"" />";Svizzera ;;;;Europa
"<img src=""http://upload.wikimedia.org/wikipedia/commons/2/2a/Location_Swaziland_AU_Africa.svg"" height=""300"" />";Swaziland ;;;;Africa
"<img src=""http://upload.wikimedia.org/wikipedia/commons/f/ff/LocationTajikistan.svg"" height=""300"" />";Tagikistan ;;;;Asia
"<img src=""http://upload.wikimedia.org/wikipedia/commons/c/c4/Locator_map_of_the_ROC_Taiwan.svg"" height=""300"" />";Taiwan;;;;Asia
"<img src=""http://upload.wikimedia.org/wikipedia/commons/3/3f/Tanzania_%28orthographic_projection%29.svg"" height=""300"" />";Tanzania ;;;;Africa
"<img src=""http://upload.wikimedia.org/wikipedia/commons/6/63/LocationThailand.svg"" height=""300"" />";Thailandia ;;;;Asia
"<img src=""http://upload.wikimedia.org/wikipedia/commons/0/0b/LocationEastTimor.svg"" height=""300"" />";Timor Est ;;;;Asia
"<img src=""http://upload.wikimedia.org/wikipedia/commons/8/8b/LocationTogo.svg"" height=""300"" />";Togo ;;;;Africa
"<img src=""http://upload.wikimedia.org/wikipedia/commons/c/ce/Tonga_on_the_globe_%28Polynesia_centered%29.svg"" height=""300"" />";Tonga ;;;;Oceania
"<img src=""http://upload.wikimedia.org/wikipedia/commons/e/ed/Trinidad_and_Tobago_%28orthographic_projection%29.svg"" height=""300"" />";Trinidad e Tobago ;;;;Sud America
"<img src=""https://upload.wikimedia.org/wikipedia/commons/1/1d/Tunisia_in_its_region.svg"" height=""300"" />";Tunisia ;;;;Africa
"<img src=""https://upload.wikimedia.org/wikipedia/commons/d/dd/Turkey_%28orthographic_projection%29.svg"" height=""300"" />";Turchia ;;;;Asia|Europe
"<img src=""http://upload.wikimedia.org/wikipedia/commons/4/40/LocationTurkmenistan.svg"" height=""300"" />";Turkmenistan ;;;;Asia
"<img src=""http://upload.wikimedia.org/wikipedia/commons/2/2b/Tuvalu_on_the_globe_%28Polynesia_centered%29.svg"" height=""300"" />";Tuvalu ;;;;Oceania
"<img src=""http://upload.wikimedia.org/wikipedia/commons/a/aa/Europe-Ukraine.svg"" height=""300"" />";Ucraina ;;;;Europa
"<img src=""http://upload.wikimedia.org/wikipedia/commons/1/1d/Uganda_%28orthographic_projection%29.svg"" height=""300"" />";Uganda ;;;;Africa
"<img src=""http://upload.wikimedia.org/wikipedia/commons/6/60/EU-Hungary.svg"" height=""300"" />";Ungheria ;;;;Europa
"<img src=""http://upload.wikimedia.org/wikipedia/commons/8/8d/Uruguay_%28orthographic_projection%29.svg"" height=""300"" />";Uruguay ;;;;Sud America
"<img src=""http://upload.wikimedia.org/wikipedia/commons/0/06/Uzbekistan_on_the_globe_%28Eurasia_centered%29.svg"" height=""300"" />";Uzbekistan ;;;;Asia
"<img src=""http://upload.wikimedia.org/wikipedia/commons/d/d9/Vanuatu_on_the_globe_%28Polynesia_centered%29.svg"" height=""300"" />";Vanuatu ;;;;Oceania
"<img src=""http://upload.wikimedia.org/wikipedia/commons/5/5e/VEN_orthographic.svg"" height=""300"" />";Venezuela ;;;;Sud America
"<img src=""http://upload.wikimedia.org/wikipedia/commons/d/d6/Location_Vietnam_ASEAN.svg"" height=""300"" />";Vietnam ;;;;Asia
"<img src=""http://upload.wikimedia.org/wikipedia/commons/f/f1/Yemen_%28orthographic_projection%29.svg"" height=""300"" />";Yemen ;;;;Asia
"<img src=""http://upload.wikimedia.org/wikipedia/commons/2/26/Zambia_%28orthographic_projection%29.svg"" height=""300"" />";Zambia ;;;;Africa
"<img src=""http://upload.wikimedia.org/wikipedia/commons/b/bc/LocationZimbabwe.svg"" height=""300"" />";Zimbabwe ;;;;Africa
